{"cameraMode":{"drawMode":0,"name":"Shaded","section":"Shading Mode"},"sceneLighting":true,"audioPlay":false,"sceneViewState":{"m_AlwaysRefresh":false,"showFog":true,"showSkybox":true,"showFlares":true,"showImageEffects":true,"showParticleSystems":true,"showVisualEffectGraphs":true,"m_FxEnabled":true},"in2DMode":false,"pivot":{"x":4.8394646644592289,"y":0.9356810450553894,"z":2.906010389328003},"rotation":{"x":-0.12863598763942719,"y":0.18891680240631104,"z":-0.024945229291915895,"w":-0.973296582698822},"size":14.27446174621582,"orthographic":false}